nom_asent,nom_muni
Aguilera,Azcapotzalco
Aldana,Azcapotzalco
Ángel Zimbrón,Azcapotzalco
Arenal,Azcapotzalco
Centro De Azcapotzalco,Azcapotzalco
Coltongo,Azcapotzalco
San Andrés,Azcapotzalco
San Sebastián,Azcapotzalco
Clavería,Azcapotzalco
Coltongo,Azcapotzalco
Cosmopolita,Azcapotzalco
Ampliación Cosmopolita,Azcapotzalco
Unidad Cuitlahuac,Azcapotzalco
Del Gas,Azcapotzalco
Ampliación Del Gas,Azcapotzalco
Del Maestro,Azcapotzalco
Estación Pantaco,Azcapotzalco
Euzkadi,Azcapotzalco
Ferrería,Azcapotzalco
Ex-hacienda El Rosario,Azcapotzalco
Industrial Vallejo,Azcapotzalco
El Jagüey,Azcapotzalco
Jardín Azpeitia,Azcapotzalco
Liberación,Azcapotzalco
Libertad,Azcapotzalco
Monte Alto,Azcapotzalco
Nextengo,Azcapotzalco
Nueva España,Azcapotzalco
Nueva El Rosario,Azcapotzalco
Nueva Santa María,Azcapotzalco
Obrero Popular,Azcapotzalco
Pasteros,Azcapotzalco
Patrimonio Familiar,Azcapotzalco
Petrolera,Azcapotzalco
Ampliación Petrolera,Azcapotzalco
Plenitud,Azcapotzalco
Porvenir,Azcapotzalco
Potrero Del Llano,Azcapotzalco
Prados Del Rosario,Azcapotzalco
La Preciosa,Azcapotzalco
Providencia,Azcapotzalco
Pro Hogar,Azcapotzalco
La Raza,Azcapotzalco
Del Recreo,Azcapotzalco
Los Reyes,Azcapotzalco
Reynosa Tamaulipas,Azcapotzalco
El Rosario,Azcapotzalco
Las Salinas,Azcapotzalco
San Álvaro,Azcapotzalco
San Antonio,Azcapotzalco
San Bartolo Cahualtongo,Azcapotzalco
San Bernabé,Azcapotzalco
San Francisco Tetecala,Azcapotzalco
San Francisco Xocotitla,Azcapotzalco
San Juan Tlihuaca,Azcapotzalco
San Marcos,Azcapotzalco
San Martín Xochinahuac,Azcapotzalco
San Mateo,Azcapotzalco
San Miguel Amantla,Azcapotzalco
San Pedro Xalpa,Azcapotzalco
Ampliación San Pedro Xalpa,Azcapotzalco
San Rafael,Azcapotzalco
Nuevo Barrio San Rafael,Azcapotzalco
San Salvador Xochimanca,Azcapotzalco
Santa Apolonia,Azcapotzalco
Santa Bárbara,Azcapotzalco
Santa Catarina,Azcapotzalco
Santa Cruz Acayucan,Azcapotzalco
Santa Inés,Azcapotzalco
Santa Lucia,Azcapotzalco
Santa María Malinalco,Azcapotzalco
Santiago Ahuizotla,Azcapotzalco
Santo Domingo,Azcapotzalco
Santo Tomás,Azcapotzalco
Sector Naval,Azcapotzalco
Sindicato Mexicano De Electricistas,Azcapotzalco
Tezozomoc,Azcapotzalco
Tierra Nueva,Azcapotzalco
Tlatilco,Azcapotzalco
Trabajadores De Hierro,Azcapotzalco
Un Hogar Para Cada Trabajador,Azcapotzalco
Victoria De Las Democracias,Azcapotzalco
Huautla De Las Salinas,Azcapotzalco
Ignacio Allende,Azcapotzalco
San Andrés,Azcapotzalco
San Andrés De Las Salinas,Azcapotzalco
Santa Cruz De Las Salinas,Azcapotzalco
Industrial San Antonio,Azcapotzalco
Adolfo Ruiz Cortines,Coyoacán
Ajusco,Coyoacán
Alianza Popular Revolucionaria,Coyoacán
Atlántida,Coyoacán
Avante,Coyoacán
La Concepción,Coyoacán
Del Niño Jesús,Coyoacán
San Diego Churubusco,Coyoacán
Cuadrante De San Francisco,Coyoacán
San Lucas,Coyoacán
San Mateo,Coyoacán
Santa Catarina,Coyoacán
Bosques De Tetlameya,Coyoacán
Cafetales,Coyoacán
Las Campanas,Coyoacán
Campestre Churubusco,Coyoacán
Campestre Coyoacán,Coyoacán
Culhuacán Ctm Canal Nacional,Coyoacán
La Candelaria,Coyoacán
Cantil Del Pedregal,Coyoacán
El Caracol,Coyoacán
Carmen Serdán,Coyoacán
Los Cedros,Coyoacán
El Centinela,Coyoacán
Los Cipreses,Coyoacán
Ciudad Jardín,Coyoacán
Copilco El Alto,Coyoacán
Copilco El Bajo,Coyoacán
Copilco Universidad,Coyoacán
Churubusco Country Club,Coyoacán
Culhuacán Ctm Croc,Coyoacán
Culhuacán Ctm Sección Viii,Coyoacán
Culhuacán Ctm Sección Ix-a,Coyoacán
Culhuacán Ctm Sección X,Coyoacán
Culhuacán Ctm Sección I,Coyoacán
Culhuacán Ctm Sección Ii,Coyoacán
Culhuacán Ctm Sección Iii,Coyoacán
Culhuacán Ctm Sección V,Coyoacán
Culhuacán Ctm Sección Vi,Coyoacán
Culhuacán Ctm Sección Vii,Coyoacán
Culhuacán Ctm Sección X-a,Coyoacán
Del Carmen,Coyoacán
Educación,Coyoacán
Emiliano Zapata,Coyoacán
Emiliano Zapata Fraccionamiento Popular,Coyoacán
Espartaco,Coyoacán
Ex-ejido De San Francisco Culhuacán,Coyoacán
Ex-hacienda Coapa,Coyoacán
Los Girasoles,Coyoacán
Haciendas De Coyoacán,Coyoacán
Hermosillo,Coyoacán
Huayamilpas,Coyoacán
Culhuacán Ctm Sección Piloto,Coyoacán
Insurgentes Cuicuilco,Coyoacán
Jardines De Coyoacán,Coyoacán
Jardines Del Pedregal De San Ángel,Coyoacán
Joyas Del Pedregal,Coyoacán
El Mirador,Coyoacán
Olímpica,Coyoacán
Los Olivos,Coyoacán
La Otra Banda,Coyoacán
Oxtopulco Universidad,Coyoacán
El Parque De Coyoacán,Coyoacán
Parque San Andrés,Coyoacán
Paseos De Taxqueña,Coyoacán
Pedregal De San Francisco,Coyoacán
Pedregal De Santa Úrsula,Coyoacán
Pedregal De Santo Domingo,Coyoacán
Petrolera Taxqueña,Coyoacán
Prado Churubusco,Coyoacán
Prados De Coyoacán,Coyoacán
Presidentes Ejidales Primera Sección,Coyoacán
De Los Reyes,Coyoacán
San Pablo Tepetlapa,Coyoacán
De Santa Úrsula Coapa,Coyoacán
El Rosario,Coyoacán
El Reloj,Coyoacán
Romero De Terreros,Coyoacán
El Rosedal,Coyoacán
San Francisco Culhuacán Barrio De La Magdalena,Coyoacán
Santa Cecilia,Coyoacán
Los Sauces,Coyoacán
Viejo Ejido De Santa Úrsula Coapa,Coyoacán
Villa Coyoacán,Coyoacán
Villa Quietud,Coyoacán
Xotepingo,Coyoacán
Universidad Nacional Autónoma De México Ciudad Universitaria,Coyoacán
Ex-ejido De San Pablo Tepetlapa,Coyoacán
Ex-ejido De Santa Úrsula Coapa,Coyoacán
Nueva Díaz Ordaz,Coyoacán
Pedregal De Carrasco,Coyoacán
Presidentes Ejidales Segunda Sección,Coyoacán
San Francisco Culhuacán Barrio De Santa Ana,Coyoacán
San Francisco Culhuacán Barrio De San Francisco,Coyoacán
San Francisco Culhuacán Barrio De San Juan,Coyoacán
Culhuacán Ctm Sección Ix-b,Coyoacán
Abdías García Soto,Cuajimalpa de Morelos
Adolfo López Mateos,Cuajimalpa de Morelos
Amado Nervo,Cuajimalpa de Morelos
Bosques De Las Lomas,Cuajimalpa de Morelos
Campestre Palo Alto,Cuajimalpa de Morelos
San Pablo Chimalpa,Cuajimalpa de Morelos
Contadero,Cuajimalpa de Morelos
Cooperativa Palo Alto,Cuajimalpa de Morelos
Cuajimalpa,Cuajimalpa de Morelos
El Ébano,Cuajimalpa de Morelos
Granjas Navidad,Cuajimalpa de Morelos
Granjas Palo Alto,Cuajimalpa de Morelos
Jesús Del Monte,Cuajimalpa de Morelos
Locaxco,Cuajimalpa de Morelos
Lomas De San Pedro,Cuajimalpa de Morelos
Loma Del Padre,Cuajimalpa de Morelos
Lomas De Memetla,Cuajimalpa de Morelos
Lomas De Vista Hermosa,Cuajimalpa de Morelos
Lomas De Chamizal,Cuajimalpa de Morelos
Manzanastitla,Cuajimalpa de Morelos
La Manzanita,Cuajimalpa de Morelos
Memetla,Cuajimalpa de Morelos
Ampliación Memetla,Cuajimalpa de Morelos
El Molinito,Cuajimalpa de Morelos
El Molino,Cuajimalpa de Morelos
San José De Los Cedros,Cuajimalpa de Morelos
San Mateo Tlaltenango-santa Rosa Xochiac,Cuajimalpa de Morelos
Tepetongo,Cuajimalpa de Morelos
Las Tinajas,Cuajimalpa de Morelos
El Yaqui,Cuajimalpa de Morelos
Ampliación El Yaqui,Cuajimalpa de Morelos
Zentlapatl,Cuajimalpa de Morelos
San Pedro,Cuajimalpa de Morelos
Santa Fe Cuajimalpa,Cuajimalpa de Morelos
Agua Bendita,Cuajimalpa de Morelos
Cruz Blanca,Cuajimalpa de Morelos
Las Lajas,Cuajimalpa de Morelos
Las Maromas,Cuajimalpa de Morelos
La Pila,Cuajimalpa de Morelos
San Lorenzo Acopilco,Cuajimalpa de Morelos
El Tianguillo,Cuajimalpa de Morelos
Xalpa,Cuajimalpa de Morelos
Primero De Mayo,Cuajimalpa de Morelos
La Venta,Cuajimalpa de Morelos
6 De Junio,Gustavo A. Madero
25 De Julio,Gustavo A. Madero
Acueducto De Guadalupe,Gustavo A. Madero
Ahuehuetes,Gustavo A. Madero
Aragón Inguarán,Gustavo A. Madero
Aragón La Villa,Gustavo A. Madero
Arboledas,Gustavo A. Madero
Ampliación Arboledas,Gustavo A. Madero
El Arbolillo,Gustavo A. Madero
Ctm Atzacoalco,Gustavo A. Madero
Candelaria Ticomán,Gustavo A. Madero
La Laguna Ticomán,Gustavo A. Madero
La Purísima Ticomán,Gustavo A. Madero
San Juan Y Guadalupe Ticomán,Gustavo A. Madero
San Rafael Ticomán,Gustavo A. Madero
Belisario Domínguez,Gustavo A. Madero
Benito Juárez,Gustavo A. Madero
Ampliación Benito Juárez,Gustavo A. Madero
Bondojito,Gustavo A. Madero
Campestre Aragón,Gustavo A. Madero
Capultitlán,Gustavo A. Madero
Ampliación Casas Alemán,Gustavo A. Madero
La Casilda,Gustavo A. Madero
Castillo Chico,Gustavo A. Madero
Castillo Grande,Gustavo A. Madero
Ampliación Castillo Grande,Gustavo A. Madero
Chalma De Guadalupe,Gustavo A. Madero
Churubusco Tepeyac,Gustavo A. Madero
Cocoyotes,Gustavo A. Madero
Compositores Mexicanos,Gustavo A. Madero
Constitución De La República,Gustavo A. Madero
El Coyol,Gustavo A. Madero
La Cruz,Gustavo A. Madero
Cuautepec Barrio Alto,Gustavo A. Madero
Cuautepec De Madero,Gustavo A. Madero
Cuchilla La Joya,Gustavo A. Madero
Cuchilla Del Tesoro,Gustavo A. Madero
Defensores De La República,Gustavo A. Madero
Del Bosque,Gustavo A. Madero
Del Carmen,Gustavo A. Madero
Del Obrero,Gustavo A. Madero
Dinamita,Gustavo A. Madero
Emiliano Zapata,Gustavo A. Madero
Ampliación Emiliano Zapata,Gustavo A. Madero
Residencial La Escalera,Gustavo A. Madero
La Esmeralda,Gustavo A. Madero
Estanzuela,Gustavo A. Madero
Estrella,Gustavo A. Madero
Ex-ejido San Juan De Aragón Sector 32,Gustavo A. Madero
Ex-escuela De Tiro,Gustavo A. Madero
Faja De Oro,Gustavo A. Madero
Fernando Casas Alemán,Gustavo A. Madero
Ferrocarrilera,Gustavo A. Madero
Forestal,Gustavo A. Madero
La Lengüeta,Gustavo A. Madero
Forestal I,Gustavo A. Madero
Forestal Ii,Gustavo A. Madero
Gabriel Hernández,Gustavo A. Madero
Ampliación Gabriel Hernández,Gustavo A. Madero
General Felipe Berriozábal,Gustavo A. Madero
Gertrudis Sánchez Primera Sección,Gustavo A. Madero
Gertrudis Sánchez Segunda Sección,Gustavo A. Madero
Gertrudis Sánchez Tercera Sección,Gustavo A. Madero
Granjas Modernas,Gustavo A. Madero
Guadalupe Insurgentes,Gustavo A. Madero
Guadalupe Proletaria,Gustavo A. Madero
Ampliación Guadalupe Proletaria,Gustavo A. Madero
Guadalupe Tepeyac,Gustavo A. Madero
Guadalupe Victoria Cuautepec,Gustavo A. Madero
Guadalupe Victoria,Gustavo A. Madero
Villa Gustavo A. Madero,Gustavo A. Madero
Héroes De Cerro Prieto,Gustavo A. Madero
Héroes De Chapultepec,Gustavo A. Madero
Héroe De Nacozari,Gustavo A. Madero
Industrial,Gustavo A. Madero
Jorge Negrete,Gustavo A. Madero
La Joya,Gustavo A. Madero
La Joyita,Gustavo A. Madero
Juan González Romero,Gustavo A. Madero
Juventino Rosas,Gustavo A. Madero
Li Legislatura,Gustavo A. Madero
Lindavista Norte,Gustavo A. Madero
Lindavista Sur,Gustavo A. Madero
Lindavista Vallejo Segunda Sección,Gustavo A. Madero
Lindavista Vallejo Tercera Sección,Gustavo A. Madero
Lindavista Vallejo Primera Sección,Gustavo A. Madero
Loma La Palma,Gustavo A. Madero
Lomas De Cuautepec,Gustavo A. Madero
Luis Donaldo Colosio,Gustavo A. Madero
Magdalena De Las Salinas,Gustavo A. Madero
Malacates,Gustavo A. Madero
Ampliación Malacates,Gustavo A. Madero
La Malinche,Gustavo A. Madero
Martín Carrera,Gustavo A. Madero
Mártires De Río Blanco,Gustavo A. Madero
Ampliación Mártires De Río Blanco,Gustavo A. Madero
Maximino Ávila Camacho,Gustavo A. Madero
Montevideo,Gustavo A. Madero
Narciso Bassols,Gustavo A. Madero
Nueva Atzacoalco,Gustavo A. Madero
Nueva Industrial Vallejo,Gustavo A. Madero
Nueva Tenochtitlán,Gustavo A. Madero
Nueva Vallejo,Gustavo A. Madero
El Olivo,Gustavo A. Madero
Palmatitla,Gustavo A. Madero
Panamericana,Gustavo A. Madero
Ampliación Panamericana,Gustavo A. Madero
La Pastora,Gustavo A. Madero
Planetario Lindavista,Gustavo A. Madero
La Pradera,Gustavo A. Madero
Pradera Segunda Sección,Gustavo A. Madero
Ampliación Progreso Nacional,Gustavo A. Madero
Progreso Nacional,Gustavo A. Madero
Providencia,Gustavo A. Madero
Ampliación Providencia,Gustavo A. Madero
De Santiago Atzacoalco,Gustavo A. Madero
San Juan De Aragón,Gustavo A. Madero
Residencial Acueducto De Guadalupe,Gustavo A. Madero
Residencial Zacatenco,Gustavo A. Madero
Ctm El Risco,Gustavo A. Madero
Rosas Del Tepeyac,Gustavo A. Madero
Salvador Díaz Mirón,Gustavo A. Madero
San Antonio,Gustavo A. Madero
San Bartolo Atepehuacan,Gustavo A. Madero
San Felipe De Jesús,Gustavo A. Madero
San José De La Escalera,Gustavo A. Madero
San José Ticomán,Gustavo A. Madero
Ampliación San Juan De Aragón,Gustavo A. Madero
Ctm Aragón,Gustavo A. Madero
San Juan De Aragón I Sección,Gustavo A. Madero
San Juan De Aragón Ii Sección,Gustavo A. Madero
San Juan De Aragón Iii Sección,Gustavo A. Madero
San Juan De Aragón Iv Sección,Gustavo A. Madero
San Juan De Aragón V Sección,Gustavo A. Madero
San Juan De Aragón Vi Sección,Gustavo A. Madero
San Juan De Aragón Vii Sección,Gustavo A. Madero
San Miguel,Gustavo A. Madero
San Pedro El Chico,Gustavo A. Madero
San Pedro Zacatenco,Gustavo A. Madero
Santa Isabel Tola,Gustavo A. Madero
Santa Rosa,Gustavo A. Madero
Santiago Atepetlac,Gustavo A. Madero
7 De Noviembre,Gustavo A. Madero
Siete Maravillas,Gustavo A. Madero
Solidaridad Nacional,Gustavo A. Madero
Tablas De San Agustín,Gustavo A. Madero
El Tepetatal,Gustavo A. Madero
Tepetates,Gustavo A. Madero
Tepeyac Insurgentes,Gustavo A. Madero
Tlacaelel,Gustavo A. Madero
Tlacamaca,Gustavo A. Madero
Tlalpexco,Gustavo A. Madero
Torres Lindavista,Gustavo A. Madero
Tres Estrellas,Gustavo A. Madero
Triunfo De La República,Gustavo A. Madero
Indeco,Gustavo A. Madero
Valle De Madero,Gustavo A. Madero
Valle Del Tepeyac,Gustavo A. Madero
Vallejo,Gustavo A. Madero
Vallejo Poniente,Gustavo A. Madero
Vasco De Quiroga,Gustavo A. Madero
Villa De Aragón,Gustavo A. Madero
Villa Hermosa,Gustavo A. Madero
Vista Hermosa,Gustavo A. Madero
Zona Escolar,Gustavo A. Madero
Zona Escolar Oriente,Gustavo A. Madero
Dm Nacional,Gustavo A. Madero
San Juan De Aragón,Gustavo A. Madero
15 De Agosto,Gustavo A. Madero
Ampliación Chalma De Guadalupe,Gustavo A. Madero
Ampliación Cocoyotes,Gustavo A. Madero
Ex-ejido San Juan De Aragón Sector 33,Gustavo A. Madero
Graciano Sánchez,Gustavo A. Madero
Guadalupe Ticomán,Gustavo A. Madero
Parque Metropolitano,Gustavo A. Madero
Prados De Cuautepec,Gustavo A. Madero
Santa María Ticomán,Gustavo A. Madero
Agrícola Oriental,Iztacalco
Agrícola Pantitlan,Iztacalco
La Asunción,Iztacalco
Santa Cruz,Iztacalco
Los Reyes,Iztacalco
San Francisco Xicantongo,Iztacalco
San Miguel,Iztacalco
Santiago Sur,Iztacalco
Zapotla,Iztacalco
Gabriel Ramos Millán Sección Bramadero,Iztacalco
Campamento Dos De Octubre,Iztacalco
Carlos Zapata Vela,Iztacalco
Fraccionamiento Coyuya,Iztacalco
La Cruz,Iztacalco
Cuchilla Agrícola Oriental,Iztacalco
Gabriel Ramos Millán Sección Cuchilla,Iztacalco
Ex-ejido De La Magdalena Mixhuca,Iztacalco
Gabriel Ramos Millán,Iztacalco
Granjas México,Iztacalco
Inpi Picos,Iztacalco
Jardines Tecma,Iztacalco
Juventino Rosas,Iztacalco
Militar Marte,Iztacalco
Nueva Santa Anita,Iztacalco
Los Picos De Iztacalco Sección 1 A,Iztacalco
Los Picos De Iztacalco Sección 2 A,Iztacalco
Los Picos De Iztacalco Sección 1 B,Iztacalco
Ampliación Gabriel Ramos Millán,Iztacalco
Reforma Iztaccihuatl Norte,Iztacalco
Reforma Iztaccihuatl Sur,Iztacalco
El Rodeo,Iztacalco
San Pedro,Iztacalco
Santa Anita,Iztacalco
Gabriel Ramos Millán Sección Tlacotal,Iztacalco
Tlazintla,Iztacalco
Infonavit Iztacalco,Iztacalco
Viaducto Piedad,Iztacalco
Santiago Norte,Iztacalco
Albarrada,Iztapalapa
Álvaro Obregón,Iztapalapa
Los Ángeles Apanoaya,Iztapalapa
Los Ángeles,Iztapalapa
Año De Juárez,Iztapalapa
Apatlaco,Iztapalapa
Banjidal,Iztapalapa
La Asunción,Iztapalapa
Guadalupe,Iztapalapa
San Antonio,Iztapalapa
San Antonio Culhuacan,Iztapalapa
San Ignacio,Iztapalapa
San José,Iztapalapa
San Lorenzo,Iztapalapa
San Lucas,Iztapalapa
San Miguel,Iztapalapa
San Pablo,Iztapalapa
San Pedro,Iztapalapa
San Simón Culhuacan,Iztapalapa
Santa Bárbara,Iztapalapa
Tula,Iztapalapa
Bellavista,Iztapalapa
Benito Juárez,Iztapalapa
Buenavista,Iztapalapa
Casa Blanca,Iztapalapa
Cerro De La Estrella,Iztapalapa
Chinampac De Juárez,Iztapalapa
Los Cipreses,Iztapalapa
Citlalli,Iztapalapa
Colonial Iztapalapa,Iztapalapa
Consejo Agrarista Mexicano,Iztapalapa
Constitución De 1917,Iztapalapa
Cuchilla Del Moral,Iztapalapa
Desarrollo Urbano Quetzalcoatl,Iztapalapa
12 De Diciembre,Iztapalapa
Doctor Alfonso Ortiz Tirado,Iztapalapa
El Edén,Iztapalapa
Unidad Ejército Constitucionalista,Iztapalapa
Ejército De Agua Prieta,Iztapalapa
Ejército De Oriente,Iztapalapa
Ejército De Oriente Zona Peñón,Iztapalapa
Ampliación Emiliano Zapata,Iztapalapa
Cacama,Iztapalapa
La Era,Iztapalapa
Ermita Zaragoza,Iztapalapa
Escuadrón 201,Iztapalapa
La Esperanza,Iztapalapa
Estado De Veracruz,Iztapalapa
Estrella Del Sur,Iztapalapa
Eva Sámano De López Mateos,Iztapalapa
Francisco Villa,Iztapalapa
Fuego Nuevo,Iztapalapa
Granjas Esmeralda,Iztapalapa
Granjas Estrella,Iztapalapa
Granjas De San Antonio,Iztapalapa
Guadalupe Del Moral,Iztapalapa
Carlos Hank González,Iztapalapa
Héroes De Churubusco,Iztapalapa
Insurgentes,Iztapalapa
Iztlahuacan,Iztapalapa
Jacarandas,Iztapalapa
Jardines De Churubusco,Iztapalapa
Jardines De San Lorenzo Tezonco,Iztapalapa
José López Portillo,Iztapalapa
José María Morelos Y Pavón,Iztapalapa
Juan Escutia,Iztapalapa
Justo Sierra,Iztapalapa
Leyes De Reforma Primera Sección,Iztapalapa
Leyes De Reforma Segunda Sección,Iztapalapa
Leyes De Reforma Tercera Sección,Iztapalapa
Lomas De La Estancia,Iztapalapa
Lomas De San Lorenzo,Iztapalapa
Lomas De Santa Cruz,Iztapalapa
Lomas De Zaragoza,Iztapalapa
Lomas El Manto,Iztapalapa
Lomas Estrella,Iztapalapa
El Manto,Iztapalapa
Miguel De La Madrid Hurtado,Iztapalapa
Minerva,Iztapalapa
El Mirador,Iztapalapa
Mixcoatl,Iztapalapa
El Molino,Iztapalapa
El Molino Tezonco,Iztapalapa
Monte Albán,Iztapalapa
Nueva Rosita,Iztapalapa
Palmitas,Iztapalapa
El Paraíso,Iztapalapa
Paraje San Juan,Iztapalapa
Ampliación Paraje San Juan,Iztapalapa
Paraje San Juan Cerro,Iztapalapa
San Juan Joya,Iztapalapa
Paraje Zacatepec,Iztapalapa
Paseos De Churubusco,Iztapalapa
Las Peñas,Iztapalapa
Los Picos,Iztapalapa
Plan De Iguala,Iztapalapa
La Planta,Iztapalapa
La Polvorilla,Iztapalapa
El Prado,Iztapalapa
Presidentes De México,Iztapalapa
Progresista,Iztapalapa
Progreso Del Sur,Iztapalapa
Aculco,Iztapalapa
Culhuacan,Iztapalapa
Los Reyes Culhuacan,Iztapalapa
Magdalena Atlazolpa,Iztapalapa
Mexicaltzingo,Iztapalapa
San Andrés Tomatlan,Iztapalapa
San Juanico Nextipac,Iztapalapa
San Lorenzo Tezonco,Iztapalapa
San Lorenzo Xicotencatl,Iztapalapa
San Sebastián Tecoloxtitla,Iztapalapa
Santa Cruz Meyehualco,Iztapalapa
Santa María Aztahuacan,Iztapalapa
Santa María Tomatlan,Iztapalapa
Santa Martha Acatitla,Iztapalapa
Santiago Acahualtepec,Iztapalapa
Puente Blanco,Iztapalapa
Purísima Atlazolpa,Iztapalapa
Real Del Moral,Iztapalapa
Reforma Política,Iztapalapa
La Regadera,Iztapalapa
Renovación,Iztapalapa
El Retoño,Iztapalapa
Ricardo Flores Magón,Iztapalapa
Ampliación Ricardo Flores Magón,Iztapalapa
El Rodeo,Iztapalapa
El Rosario,Iztapalapa
San Andrés Tetepilco,Iztapalapa
San José Aculco,Iztapalapa
San José Buenavista,Iztapalapa
San Juan Estrella,Iztapalapa
San Juan Xalpa,Iztapalapa
San Miguel Octava Ampliación,Iztapalapa
Ampliación San Miguel,Iztapalapa
San Miguel Teotongo Sección Guadalupe,Iztapalapa
San Pablo,Iztapalapa
Santa Cruz Meyehualco,Iztapalapa
Santa Isabel Industrial,Iztapalapa
Santa María Del Monte,Iztapalapa
Santiago Acahualtepec Primera Ampliación,Iztapalapa
Santiago Acahualtepec Segunda Ampliación,Iztapalapa
El Santuario,Iztapalapa
Ampliación El Santuario,Iztapalapa
Sector Popular,Iztapalapa
Sideral,Iztapalapa
El Sifón,Iztapalapa
Sinatel,Iztapalapa
Ampliación Sinatel,Iztapalapa
Tenorios,Iztapalapa
Tepalcates,Iztapalapa
El Triángulo,Iztapalapa
El Triunfo,Iztapalapa
Ampliación El Triunfo,Iztapalapa
Unidad Modelo,Iztapalapa
Valle De Luces,Iztapalapa
Valle De San Lorenzo,Iztapalapa
Valle Del Sur,Iztapalapa
Ampliación Veracruzana,Iztapalapa
El Vergel,Iztapalapa
Unidad Vicente Guerrero,Iztapalapa
Xalpa,Iztapalapa
Zacahuitzco,Iztapalapa
Estrella Culhuacan,Iztapalapa
Ampliación Los Reyes,Iztapalapa
San Andrés Tomatlan,Iztapalapa
Santa María Aztahuacan,Iztapalapa
Ampliación Santa María Aztahuacan,Iztapalapa
Santa Martha Acatitla Norte,Iztapalapa
Santa Martha Acatitla Sur,Iztapalapa
Central De Abasto,Iztapalapa
San Nicolás Tolentino,Iztapalapa
Parque Nacional Cerro De La Estrella,Iztapalapa
Allapetlalli,Iztapalapa
Ampliación Bellavista,Iztapalapa
Barranca De Guadalupe,Iztapalapa
Campestre Potrero,Iztapalapa
Cananea,Iztapalapa
Carlos Jonguitud Barrios,Iztapalapa
Celoalliotli,Iztapalapa
Degollado,Iztapalapa
Miravalles,Iztapalapa
San Antonio Culhuacan,Iztapalapa
San Miguel Teotongo Sección Acorralado,Iztapalapa
San Miguel Teotongo Sección Avisadero,Iztapalapa
San Miguel Teotongo Sección Capilla,Iztapalapa
San Miguel Teotongo Sección Corrales,Iztapalapa
San Miguel Teotongo Sección Iztlahuaca,Iztapalapa
San Miguel Teotongo Sección Jardines,Iztapalapa
San Miguel Teotongo Sección La Cruz,Iztapalapa
San Miguel Teotongo Sección Loma Alta,Iztapalapa
San Miguel Teotongo Sección Mercedes,Iztapalapa
San Miguel Teotongo Sección Palmitas,Iztapalapa
San Miguel Teotongo Sección Puente,Iztapalapa
San Miguel Teotongo Sección Ranchito,Iztapalapa
San Miguel Teotongo Sección Rancho Bajo,Iztapalapa
San Miguel Teotongo Sección Torres,Iztapalapa
Uscovi,Iztapalapa
Atacaxco,La Magdalena Contreras
Barranca Seca,La Magdalena Contreras
San Francisco,La Magdalena Contreras
Las Calles,La Magdalena Contreras
Barros Sierra,La Magdalena Contreras
La Carbonera,La Magdalena Contreras
La Concepción,La Magdalena Contreras
Las Cruces,La Magdalena Contreras
La Cruz,La Magdalena Contreras
Cuauhtémoc,La Magdalena Contreras
El Ermitaño,La Magdalena Contreras
La Guadalupe,La Magdalena Contreras
Héroes De Padierna,La Magdalena Contreras
Huayatla,La Magdalena Contreras
Las Huertas,La Magdalena Contreras
El Maestro,La Magdalena Contreras
Lomas De San Bernabé,La Magdalena Contreras
Ampliación Lomas De San Bernabé,La Magdalena Contreras
Lomas Quebradas,La Magdalena Contreras
La Malinche,La Magdalena Contreras
Los Padres,La Magdalena Contreras
Palmas,La Magdalena Contreras
Potrerillo,La Magdalena Contreras
Ampliación Potrerillo,La Magdalena Contreras
La Magdalena,La Magdalena Contreras
San Bernabé Ocotepec,La Magdalena Contreras
De San Nicolás Totolapan,La Magdalena Contreras
Nuevo Alto,La Magdalena Contreras
Nuevo Bajo,La Magdalena Contreras
San Jerónimo Lídice,La Magdalena Contreras
El Rosal,La Magdalena Contreras
San Bartolo Ameyalco,La Magdalena Contreras
San Francisco,La Magdalena Contreras
San Jerónimo Aculco,La Magdalena Contreras
Santa Teresa,La Magdalena Contreras
El Tanque,La Magdalena Contreras
Tierra Unida,La Magdalena Contreras
El Toro,La Magdalena Contreras
Vista Hermosa,La Magdalena Contreras
Plazuela Del Pedregal,La Magdalena Contreras
Primera Victoria,Álvaro Obregón
8 De Agosto,Álvaro Obregón
Abraham M. González,Álvaro Obregón
Acueducto,Álvaro Obregón
Acuilotla,Álvaro Obregón
Ex-hacienda De Guadalupe Chimalistac,Álvaro Obregón
Las Águilas,Álvaro Obregón
Ampliación Las Águilas,Álvaro Obregón
Las Águilas Segundo Parque,Álvaro Obregón
Las Águilas Tercer Parque,Álvaro Obregón
Alfalfar,Álvaro Obregón
Alfonso Xiii,Álvaro Obregón
Ampliación Alpes,Álvaro Obregón
Los Alpes,Álvaro Obregón
Altavista,Álvaro Obregón
Las Américas,Álvaro Obregón
La Angostura,Álvaro Obregón
La Araña,Álvaro Obregón
El Árbol,Álvaro Obregón
Arcos Centenario,Álvaro Obregón
Arturo Martínez,Álvaro Obregón
Arvide,Álvaro Obregón
Atlamaya,Álvaro Obregón
Ave Real,Álvaro Obregón
Balcones De Cehuayo,Álvaro Obregón
Barrio Norte,Álvaro Obregón
Tlacoyaque,Álvaro Obregón
Bejero Del Pueblo Santa Fe,Álvaro Obregón
Belem De Las Flores,Álvaro Obregón
Bellavista,Álvaro Obregón
Bonanza,Álvaro Obregón
Bosque,Álvaro Obregón
Campestre,Álvaro Obregón
Canutillo,Álvaro Obregón
Primera Sección Cañada,Álvaro Obregón
El Capulín,Álvaro Obregón
Carlos A. Madrazo,Álvaro Obregón
La Cascada,Álvaro Obregón
Ampliación La Cebada,Álvaro Obregón
Lomas De Los Cedros,Álvaro Obregón
Los Cedros,Álvaro Obregón
Cehuaya,Álvaro Obregón
Chimalistac,Álvaro Obregón
Colinas De Tarango,Álvaro Obregón
Colina Del Sur,Álvaro Obregón
El Cuernito,Álvaro Obregón
La Conchita,Álvaro Obregón
Corpus Christy,Álvaro Obregón
Cove,Álvaro Obregón
Cristo Rey,Álvaro Obregón
Reacomodo El Cuernito,Álvaro Obregón
Cuevitas,Álvaro Obregón
Desarrollo Urbano,Álvaro Obregón
Dos Ríos Del Pueblo De Santa Lucia,Álvaro Obregón
Ejido San Mateo,Álvaro Obregón
El Encino Del Pueblo Tetelpan,Álvaro Obregón
Ermita Tizapan,Álvaro Obregón
Estado De Hidalgo,Álvaro Obregón
Ampliación Estado De Hidalgo,Álvaro Obregón
Flor De María,Álvaro Obregón
Florida,Álvaro Obregón
Francisco Villa,Álvaro Obregón
Galeana,Álvaro Obregón
Los Gamitos,Álvaro Obregón
Miguel Gaona Armenta,Álvaro Obregón
Garcimarrero,Álvaro Obregón
Golondrinas,Álvaro Obregón
Guadalupe Inn,Álvaro Obregón
Herón Proal,Álvaro Obregón
Hidalgo,Álvaro Obregón
Ampliación El Capulín,Álvaro Obregón
Hogar Y Redención,Álvaro Obregón
Isidro Fabela,Álvaro Obregón
Ampliación Jalalpa,Álvaro Obregón
Calzada Jalalpa,Álvaro Obregón
Jalalpa Tepito,Álvaro Obregón
Jardines Del Pedregal,Álvaro Obregón
José María Pino Suarez,Álvaro Obregón
La Joya,Álvaro Obregón
La Joyita Del Pueblo Tetelpan,Álvaro Obregón
Liberación Proletaria,Álvaro Obregón
Liberales De 1857,Álvaro Obregón
Llano Redondo,Álvaro Obregón
Loma De Puerta Grande,Álvaro Obregón
Lomas Axomiatla,Álvaro Obregón
Lomas De Becerra,Álvaro Obregón
Lomas De Capula,Álvaro Obregón
Lomas De Guadalupe,Álvaro Obregón
Lomas De La Era,Álvaro Obregón
Lomas De Las Águilas,Álvaro Obregón
Lomas De Plateros,Álvaro Obregón
Lomas De Santa Fe,Álvaro Obregón
Lomas De Tarango,Álvaro Obregón
Lomas De Los Ángeles Del Pueblo Tetelpan,Álvaro Obregón
La Otra Banda,Álvaro Obregón
Margarita Maza De Juárez,Álvaro Obregón
María G. De García Ruíz,Álvaro Obregón
Profesor J. Arturo López Martinez,Álvaro Obregón
La Martinica,Álvaro Obregón
Merced Gómez,Álvaro Obregón
La Mexicana,Álvaro Obregón
Ampliación La Mexicana,Álvaro Obregón
Miguel Hidalgo,Álvaro Obregón
La Milagrosa,Álvaro Obregón
Minas Cristo Rey,Álvaro Obregón
El Mirador Del Pueblo Tetelpan,Álvaro Obregón
Molino De Rosas,Álvaro Obregón
Molino De Santo Domingo,Álvaro Obregón
Ocotillos Del Pueblo Tetelpan,Álvaro Obregón
Olivar De Los Padres,Álvaro Obregón
Olivar Del Conde Primera Sección,Álvaro Obregón
Olivar Del Conde Segunda Sección,Álvaro Obregón
Palmas,Álvaro Obregón
La Palmita,Álvaro Obregón
Paraíso,Álvaro Obregón
Tarango,Álvaro Obregón
Paseo De Las Lomas,Álvaro Obregón
Piloto Adolfo López Mateos,Álvaro Obregón
Ampliación Piloto Adolfo López Mateos,Álvaro Obregón
Reacomodo Pino Suárez,Álvaro Obregón
El Pirú Santa Fe,Álvaro Obregón
Pirú Santa Lucia,Álvaro Obregón
El Pocito,Álvaro Obregón
El Politoco,Álvaro Obregón
Pólvora,Álvaro Obregón
Ponciano Arriaga,Álvaro Obregón
Preconcreto,Álvaro Obregón
La Presa,Álvaro Obregón
Presidentes,Álvaro Obregón
Primera Ampliación Presidentes,Álvaro Obregón
Progreso Tizapan,Álvaro Obregón
Axotla,Álvaro Obregón
San Bartolo Ameyalco,Álvaro Obregón
Santa Fe,Álvaro Obregón
Santa Lucia,Álvaro Obregón
Santa Rosa Xochiac,Álvaro Obregón
Pueblo Nuevo,Álvaro Obregón
Tetelpan,Álvaro Obregón
Tlacopac,Álvaro Obregón
Puente Colorado,Álvaro Obregón
Puerta Grande,Álvaro Obregón
Punta De Ceguaya,Álvaro Obregón
Real Del Monte,Álvaro Obregón
Rincón De La Bolsa,Álvaro Obregón
El Rincón,Álvaro Obregón
Rinconada Las Cuevitas,Álvaro Obregón
El Ruedo,Álvaro Obregón
Sacramento,Álvaro Obregón
San Agustín Del Pueblo Tetelpan,Álvaro Obregón
San Ángel,Álvaro Obregón
San Ángel Inn,Álvaro Obregón
San Clemente Norte,Álvaro Obregón
San Clemente Sur,Álvaro Obregón
San José Del Olivar,Álvaro Obregón
San Pedro De Los Pinos,Álvaro Obregón
Santa María Nonoalco,Álvaro Obregón
Tecalcapa Del Pueblo Tetelpan,Álvaro Obregón
Tecolalco,Álvaro Obregón
El Tejocote,Álvaro Obregón
Ampliación Tepeaca,Álvaro Obregón
Tepopotla,Álvaro Obregón
Tizampampano Del Pueblo Tetelpan,Álvaro Obregón
Lomas De Chamontoya,Álvaro Obregón
Tlacuitlapa,Álvaro Obregón
Ampliación Tlacuitlapa,Álvaro Obregón
Tlapechico,Álvaro Obregón
Tolteca,Álvaro Obregón
Torres De Potrero,Álvaro Obregón
Reacomodo Valentín Gómez Farías,Álvaro Obregón
Villa Progresista,Álvaro Obregón
Villa Verdún,Álvaro Obregón
Zenón Delgado,Álvaro Obregón
Las Águilas Segunda Sección,Álvaro Obregón
Alcantarilla,Álvaro Obregón
Canutillo Tercera Sección,Álvaro Obregón
Segunda Sección Cañada,Álvaro Obregón
La Estrella,Álvaro Obregón
Campo De Tiro Los Gamitos,Álvaro Obregón
Golondrinas Primera Sección,Álvaro Obregón
Golondrinas Segunda Sección,Álvaro Obregón
La Herradura Del Pueblo Tetelpan,Álvaro Obregón
Jalalpa El Grande,Álvaro Obregón
Jalalpa Tepito Segunda Ampliación,Álvaro Obregón
Ladera,Álvaro Obregón
Santa Fe La Loma,Álvaro Obregón
Lomas De San Ángel Inn,Álvaro Obregón
La Mexicana Segunda Ampliación,Álvaro Obregón
El Pirú Segunda Ampliación,Álvaro Obregón
Segunda Ampliación Presidentes,Álvaro Obregón
El Rodeo,Álvaro Obregón
San Jeróimo Aculco,Álvaro Obregón
Santa Fe,Álvaro Obregón
Tizapan,Álvaro Obregón
Segundo Reacomodo Tlacuitlapa,Álvaro Obregón
Segunda Del Moral Del Pueblo Tetelpan,Álvaro Obregón
Ampliación Acueducto,Álvaro Obregón
Ampliación Los Pirules,Álvaro Obregón
Canutillo Segunda Sección,Álvaro Obregón
Carola,Álvaro Obregón
Cooperativa Unión Olivos,Álvaro Obregón
El Pirul,Álvaro Obregón
Ex-hacienda De Tarango,Álvaro Obregón
Hueytlale,Álvaro Obregón
La Huerta,Álvaro Obregón
La Peñita Del Pueblo Tetelpan,Álvaro Obregón
Lomas De Nuevo México,Álvaro Obregón
Loreto,Álvaro Obregón
Los Juristas,Álvaro Obregón
Mártires De Tacubaya,Álvaro Obregón
Palmas Axotitla,Álvaro Obregón
Rancho Del Carmen Del Pueblo San Bartolo Ameyalco,Álvaro Obregón
Rancho San Francisco Del Pueblo San Bartolomé Ameyalco,Álvaro Obregón
Rinconada De Tarango,Álvaro Obregón
San Gabriel,Álvaro Obregón
Santa Fe Centro Ciudad,Álvaro Obregón
Santa Fe Peña Blanca,Álvaro Obregón
Santa Fe Tlayapaca,Álvaro Obregón
Santa Lucia Chantepec,Álvaro Obregón
Santa Lucia Chantepec,Álvaro Obregón
Tepeaca,Álvaro Obregón
Villa Solidaridad,Álvaro Obregón
Agrícola Metropolitana,Tláhuac
Las Arboledas,Tláhuac
La Asunción,Tláhuac
La Guadalupe,Tláhuac
La Magdalena,Tláhuac
Los Reyes,Tláhuac
San Agustín,Tláhuac
San Andrés,Tláhuac
San Mateo,Tláhuac
San Miguel,Tláhuac
Santa Ana,Tláhuac
Santa Ana Centro,Tláhuac
Santa Ana Norte,Tláhuac
Santa Ana Poniente,Tláhuac
Santa Ana Sur,Tláhuac
Santiago Centro,Tláhuac
Santiago Norte,Tláhuac
Santiago Sur,Tláhuac
La Conchita Zapotitlán,Tláhuac
Del Mar,Tláhuac
La Estación,Tláhuac
Francisco Villa,Tláhuac
Guadalupe Tlaltenco,Tláhuac
La Habana,Tláhuac
López Portillo,Tláhuac
Ampliación José López Portillo,Tláhuac
La Lupita,Tláhuac
Miguel Hidalgo,Tláhuac
La Nopalera,Tláhuac
Ojo De Agua,Tláhuac
Los Olivos,Tláhuac
San Francisco Tlaltenco,Tláhuac
Quiahuatla,Tláhuac
San José,Tláhuac
Ampliación Zapotitla,Tláhuac
Santa Cecilia,Tláhuac
Selene,Tláhuac
Ampliación Selene,Tláhuac
El Triángulo,Tláhuac
La Turba,Tláhuac
Villa Centroamericana,Tláhuac
Zacatenco,Tláhuac
Zapotitla,Tláhuac
San Isidro,Tláhuac
San Juan,Tláhuac
La Draga,Tláhuac
Granjas Cabrera,Tláhuac
Ampliación Los Olivos,Tláhuac
La Concepción,Tláhuac
San Sebastián,Tláhuac
Los Reyes,Tláhuac
San Agustín,Tláhuac
San Bartolomé,Tláhuac
San Miguel,Tláhuac
Santa Cruz,Tláhuac
La Asunción,Tláhuac
La Soledad,Tláhuac
Ampliación La Conchita,Tláhuac
Jaime Torres Bodet,Tláhuac
Jardines Del Llano,Tláhuac
Peña Alta,Tláhuac
Tierra Blanca,Tláhuac
El Rosario,Tláhuac
Potrero Del Llano,Tláhuac
San Nicolás Tetelco,Tláhuac
Tepantitlamilco,Tláhuac
La Concepción,Tláhuac
La Guadalupe,Tláhuac
San Miguel,Tláhuac
Santiago,Tláhuac
Ampliación Santa Catarina,Tláhuac
2 De Octubre,Tlalpan
Arboledas Del Sur,Tlalpan
Arenal Tepepan,Tlalpan
Nuevo Renacimiento De Axalco,Tlalpan
Amsa,Tlalpan
De Caramagüey,Tlalpan
El Capulín,Tlalpan
El Truenito,Tlalpan
La Fama,Tlalpan
La Lonja,Tlalpan
Del Niño Jesús,Tlalpan
San Fernando,Tlalpan
Belisario Domínguez,Tlalpan
Belisario Domínguez Sección Xvi,Tlalpan
Belvedere Ajusco,Tlalpan
Bosques Del Pedregal,Tlalpan
Cantera Puente De Piedra,Tlalpan
Chichicaspatl,Tlalpan
Chimalcoyotl,Tlalpan
Chimalli,Tlalpan
Chimilli,Tlalpan
Club De Golf México,Tlalpan
Colinas Del Bosque,Tlalpan
Comuneros De Santa Úrsula,Tlalpan
Zacayucan Peña Pobre,Tlalpan
Cruz Del Farol,Tlalpan
Cuchilla De Padierna,Tlalpan
Cultura Maya,Tlalpan
Cumbres De Tepetongo,Tlalpan
Ampliación Fuentes Del Pedregal,Tlalpan
Los Encinos,Tlalpan
Ex-hacienda San Juan De Dios,Tlalpan
Floresta Coyoacán,Tlalpan
Lomas Del Pedregal Framboyanes,Tlalpan
Fuentes Brotantes,Tlalpan
Fuentes Del Pedregal,Tlalpan
Granjas Coapa,Tlalpan
Guadalupe,Tlalpan
Hacienda San Juan,Tlalpan
Héroes De Padierna,Tlalpan
Isidro Fabela,Tlalpan
Ampliación Isidro Fabela,Tlalpan
Jardines Del Ajusco,Tlalpan
Jardines En La Montaña,Tlalpan
La Joya,Tlalpan
Lomas De Padierna Sur,Tlalpan
Lomas De Cuilotepec,Tlalpan
Lomas De Padierna,Tlalpan
Lomas Del Pedregal,Tlalpan
Lomas Hidalgo,Tlalpan
Magisterial,Tlalpan
Peña Pobre,Tlalpan
María Esther Zuno De Echeverría,Tlalpan
Mesa De Los Hornos,Tlalpan
Miguel Hidalgo,Tlalpan
Miguel Hidalgo Segunda Sección,Tlalpan
Miguel Hidalgo Tercera Sección,Tlalpan
Miguel Hidalgo Cuarta Sección,Tlalpan
Villa Olímpica,Tlalpan
El Mirador Primera Sección,Tlalpan
El Mirador Segunda Sección,Tlalpan
El Mirador Tercera Sección,Tlalpan
Mirador Del Valle,Tlalpan
Narciso Mendoza,Tlalpan
Nueva Oriental Coapa,Tlalpan
Parque Del Pedregal,Tlalpan
Pedregal De Las Águilas,Tlalpan
Pedregal De San Nicolás Primera Sección,Tlalpan
Pedregal De San Nicolás Segunda Sección,Tlalpan
Pedregal De San Nicolás Tercera Sección,Tlalpan
Pedregal De San Nicolás Cuarta Sección,Tlalpan
Pedregal De Santa Úrsula Xitla,Tlalpan
Popular Santa Teresa,Tlalpan
Prado Coapa Primera Sección,Tlalpan
Prado Coapa Segunda Sección,Tlalpan
Prado Coapa Tercera Sección,Tlalpan
La Magdalena Petlacalco,Tlalpan
Pueblo Quieto,Tlalpan
San Miguel Xicalco,Tlalpan
Rancho Los Colorines,Tlalpan
Residencial Acoxpa,Tlalpan
Residencial Miramontes,Tlalpan
Residencial Villa Coapa,Tlalpan
Mirador I,Tlalpan
Mirador Ii,Tlalpan
Rincón Del Pedregal,Tlalpan
Rinconada Coapa Primera Sección,Tlalpan
Rinconada Coapa Segunda Sección,Tlalpan
Rinconada Las Hadas,Tlalpan
Rómulo Sánchez Mireles,Tlalpan
San Bartolo El Chico,Tlalpan
San Buenaventura,Tlalpan
San Juan Tepeximilpa,Tlalpan
San Lorenzo Huipulco,Tlalpan
San Pedro Apóstol,Tlalpan
San Pedro Mártir,Tlalpan
Santa Úrsula Xitla,Tlalpan
Santísima Trinidad,Tlalpan
Tecorral,Tlalpan
Tenorios,Tlalpan
Texcaltenco,Tlalpan
Tlalcoligia,Tlalpan
Tlalmille,Tlalpan
Tlalpan,Tlalpan
Tlalpan Centro,Tlalpan
Tlaxcaltenco La Mesa,Tlalpan
Toriello Guerra,Tlalpan
Torres De Padierna,Tlalpan
Las Tórtolas,Tlalpan
Ex-hacienda Coapa,Tlalpan
Valle De Tepepan,Tlalpan
Valle Escondido,Tlalpan
Vergel Coapa,Tlalpan
Vergel De Coyoacán,Tlalpan
Vergel Del Sur,Tlalpan
Villa Lázaro Cárdenas,Tlalpan
Villa Tlalpan,Tlalpan
Vistas Del Pedregal,Tlalpan
Los Volcanes,Tlalpan
Villa Coapa,Tlalpan
Parque Nacional Bosque Del Pedregal,Tlalpan
Arenal De Guadalupe,Tlalpan
San Andrés Totoltepec,Tlalpan
Pedregal De San Nicolás Quinta Sección,Tlalpan
Colinas Del Ajusco,Tlalpan
Divisadero,Tlalpan
Ejidos De San Pedro Mártir,Tlalpan
Fuentes De Tepepan,Tlalpan
Heroico Colegio Militar,Tlalpan
Juventud Unida,Tlalpan
La Palma,Tlalpan
Magisterial Coapa,Tlalpan
Miguel Hidalgo Primera Sección,Tlalpan
Movimiento Organizado De Tlalpan,Tlalpan
Rinconada El Mirador,Tlalpan
Tepeximilpa La Paz,Tlalpan
Tlalpuente,Tlalpan
Viveros Coatectlan,Tlalpan
Plan De Ayala,Tlalpan
Paraje 38,Tlalpan
Primavera,Tlalpan
Parres (el Guarda),Tlalpan
San Miguel Ajusco,Tlalpan
Santo Tomás Ajusco,Tlalpan
San Miguel Topilejo,Tlalpan
Héroes De 1910,Tlalpan
3 De Mayo,Xochimilco
Las Ánimas,Xochimilco
Año De Juárez,Xochimilco
Barrio 18,Xochimilco
La Asunción,Xochimilco
Belén,Xochimilco
La Guadalupita,Xochimilco
El Rosario,Xochimilco
San Antonio,Xochimilco
San Cristóbal,Xochimilco
San Diego,Xochimilco
San Esteban,Xochimilco
San Juan,Xochimilco
San Lorenzo,Xochimilco
San Marcos,Xochimilco
San Pedro,Xochimilco
Santa Crucita,Xochimilco
La Santísima,Xochimilco
La Concepción Tlacoapa,Xochimilco
Xaltocan,Xochimilco
Bosque Residencial Del Sur,Xochimilco
Calyequita,Xochimilco
Del Carmen,Xochimilco
Cerrillos Primera Sección,Xochimilco
Cerrillos Segunda Sección,Xochimilco
Cerrillos Tercera Sección,Xochimilco
La Concha,Xochimilco
Cristo Rey,Xochimilco
Las Cruces,Xochimilco
Santa Cruz De Guadalupe,Xochimilco
Huichapan,Xochimilco
Jardines Del Sur,Xochimilco
El Jazmín,Xochimilco
Lomas De Nativitas,Xochimilco
Lomas De Tonalco,Xochimilco
El Mirador,Xochimilco
El Mirador,Xochimilco
Nativitas,Xochimilco
Ampliación Nativitas,Xochimilco
La Noria,Xochimilco
San Lucas Oriente,Xochimilco
Paseos Del Sur,Xochimilco
Las Peritas,Xochimilco
Potrero San Bernardino,Xochimilco
San Andrés Ahuayucan,Xochimilco
San Francisco Tlalnepantla,Xochimilco
San Gregorio Atlapulco,Xochimilco
San Lorenzo Atemoaya,Xochimilco
San Lucas Xochimanca,Xochimilco
San Luis Tlaxialtemalco,Xochimilco
San Mateo Xalpa,Xochimilco
Santa Cecilia Tepetlapa,Xochimilco
La Planta,Xochimilco
Santa Cruz Xochitepec,Xochimilco
Santa María Nativitas,Xochimilco
Santa María Tepepan,Xochimilco
Santiago Tepalcatlalpan,Xochimilco
Guadalupita,Xochimilco
Quirino Mendoza,Xochimilco
Los Reyes,Xochimilco
San Andrés,Xochimilco
San Bartolo El Chico,Xochimilco
San Felipe,Xochimilco
San Isidro,Xochimilco
San Jerónimo,Xochimilco
San José,Xochimilco
San Juan,Xochimilco
San Juan Minas,Xochimilco
San Juan Moyotepec,Xochimilco
San Juan Tepepan,Xochimilco
San Lorenzo La Cebada,Xochimilco
Ampliación San Marcos Norte,Xochimilco
Santa Cruz Chavarrieta,Xochimilco
Santa Inés,Xochimilco
Santiaguito,Xochimilco
Rancho Tejomulco,Xochimilco
Ampliación Tepepan,Xochimilco
Tierra Nueva,Xochimilco
Valle De Santa María,Xochimilco
Rinconada Coapa,Xochimilco
Xochipilli,Xochimilco
Ahualapa,Xochimilco
Apatlaco,Xochimilco
Calpulco,Xochimilco
Chapultepec,Xochimilco
Del Puente,Xochimilco
El Calvario,Xochimilco
El Sacrificio,Xochimilco
La Asunción,Xochimilco
La Candelaria,Xochimilco
La Cañada,Xochimilco
Las Flores,Xochimilco
La Gallera,Xochimilco
La Guadalupana,Xochimilco
Las Mesitas,Xochimilco
Niños Héroes,Xochimilco
Pocitos,Xochimilco
Rosario Tlali,Xochimilco
San Antonio,Xochimilco
San Sebastián,Xochimilco
Santa Cecilia,Xochimilco
Tablas De San Lorenzo,Xochimilco
Tetitla,Xochimilco
Texmic,Xochimilco
Periodista,Benito Juárez
8 De Agosto,Benito Juárez
Acacias,Benito Juárez
Actipan,Benito Juárez
Alamos,Benito Juárez
Albert,Benito Juárez
Américas Unidas,Benito Juárez
Atenor Salas,Benito Juárez
Del Carmen,Benito Juárez
Ciudad De Los Deportes,Benito Juárez
Crédito Constructor,Benito Juárez
Del Lago,Benito Juárez
Del Valle Centro,Benito Juárez
Del Valle Norte,Benito Juárez
Del Valle Sur,Benito Juárez
Ermita,Benito Juárez
Extremadura Insurgentes,Benito Juárez
General Pedro María Anaya,Benito Juárez
Independencia,Benito Juárez
Insurgentes Mixcoac,Benito Juárez
Insurgentes San Borja,Benito Juárez
Iztaccíhuatl,Benito Juárez
Josefa Ortiz De Domínguez,Benito Juárez
Letrán Valle,Benito Juárez
Merced Gómez,Benito Juárez
Miguel Alemán,Benito Juárez
Miravalle,Benito Juárez
Mixcoac,Benito Juárez
Moderna,Benito Juárez
Nápoles,Benito Juárez
Ampliación Nápoles,Benito Juárez
Narvarte Oriente,Benito Juárez
Narvarte Poniente,Benito Juárez
Nativitas,Benito Juárez
Niños Héroes,Benito Juárez
Noche Buena,Benito Juárez
Santa María Nonoalco,Benito Juárez
Piedad Narvarte,Benito Juárez
Portales Norte,Benito Juárez
Portales Oriente,Benito Juárez
Portales Sur,Benito Juárez
Postal,Benito Juárez
Residencial Emperadores,Benito Juárez
San José Insurgentes,Benito Juárez
San Juan,Benito Juárez
San Pedro De Los Pinos,Benito Juárez
San Simón Ticumac,Benito Juárez
Santa Cruz Atoyac,Benito Juárez
Tlacoquemecatl,Benito Juárez
Vértiz Narvarte,Benito Juárez
Villa De Cortés,Benito Juárez
Xoco,Benito Juárez
Zacahuitzco,Benito Juárez
Algarín,Cuauhtémoc
Asturias,Cuauhtémoc
Ampliación Asturias,Cuauhtémoc
Atlampa,Cuauhtémoc
Buenavista,Cuauhtémoc
Buenos Aires,Cuauhtémoc
Centro,Cuauhtémoc
Condesa,Cuauhtémoc
Cuauhtémoc,Cuauhtémoc
Doctores,Cuauhtémoc
Esperanza,Cuauhtémoc
Ex Hipódromo De Peralvillo,Cuauhtémoc
Felipe Pescador,Cuauhtémoc
Guerrero,Cuauhtémoc
Hipódromo,Cuauhtémoc
Hipódromo Condesa,Cuauhtémoc
Juárez,Cuauhtémoc
Maza,Cuauhtémoc
Morelos,Cuauhtémoc
Obrera,Cuauhtémoc
Paulino Navarro,Cuauhtémoc
Peralvillo,Cuauhtémoc
Tabacalera,Cuauhtémoc
Roma Norte,Cuauhtémoc
Roma Sur,Cuauhtémoc
San Rafael,Cuauhtémoc
San Simón Tolnahuac,Cuauhtémoc
Santa María Insurgentes,Cuauhtémoc
Santa María La Ribera,Cuauhtémoc
Tránsito,Cuauhtémoc
Nonoalco Tlatelolco,Cuauhtémoc
Valle Gómez,Cuauhtémoc
Vista Alegre,Cuauhtémoc
10 De Abril,Miguel Hidalgo
16 De Septiembre,Miguel Hidalgo
5 De Mayo,Miguel Hidalgo
Agricultura,Miguel Hidalgo
Ahuehuetes Anáhuac,Miguel Hidalgo
América,Miguel Hidalgo
Anáhuac I Sección,Miguel Hidalgo
Anáhuac Ii Sección,Miguel Hidalgo
Anzures,Miguel Hidalgo
Argentina Antigua,Miguel Hidalgo
Argentina Poniente,Miguel Hidalgo
Bosque De Las Lomas,Miguel Hidalgo
Cuauhtémoc Pensil,Miguel Hidalgo
Daniel Garza,Miguel Hidalgo
Ampliación Daniel Garza,Miguel Hidalgo
Deportiva Pensil,Miguel Hidalgo
Dos Lagos,Miguel Hidalgo
Escandón I Sección,Miguel Hidalgo
Escandón Ii Sección,Miguel Hidalgo
Francisco I. Madero,Miguel Hidalgo
Granada,Miguel Hidalgo
Ampliación Granada,Miguel Hidalgo
Huichapan,Miguel Hidalgo
Ignacio Manuel Altamirano,Miguel Hidalgo
Irrigación,Miguel Hidalgo
Lago Norte,Miguel Hidalgo
Lago Sur,Miguel Hidalgo
Legaria,Miguel Hidalgo
Lomas Altas,Miguel Hidalgo
Lomas De Bezares,Miguel Hidalgo
Lomas De Chapultepec I Sección,Miguel Hidalgo
Lomas De Chapultepec Ii Sección,Miguel Hidalgo
Lomas De Chapultepec Iii Sección,Miguel Hidalgo
Lomas De Chapultepec Iv Sección,Miguel Hidalgo
Lomas De Chapultepec V Sección,Miguel Hidalgo
Lomas De Chapultepec Vi Sección,Miguel Hidalgo
Lomas De Chapultepec Vii Sección,Miguel Hidalgo
Lomas De Chapultepec Viii Sección,Miguel Hidalgo
Lomas De Reforma,Miguel Hidalgo
Lomas De Sotelo,Miguel Hidalgo
Lomas Hermosa,Miguel Hidalgo
Los Manzanos,Miguel Hidalgo
Mariano Escobedo,Miguel Hidalgo
México Nuevo,Miguel Hidalgo
Modelo Pensil,Miguel Hidalgo
Molino Del Rey,Miguel Hidalgo
Nextitla,Miguel Hidalgo
Observatorio,Miguel Hidalgo
Pensil Norte,Miguel Hidalgo
Pensil Sur,Miguel Hidalgo
Peralitos,Miguel Hidalgo
Periodista,Miguel Hidalgo
Plutarco Elías Calles,Miguel Hidalgo
Polanco I Sección,Miguel Hidalgo
Polanco Ii Sección,Miguel Hidalgo
Polanco Iii Sección,Miguel Hidalgo
Polanco Iv Sección,Miguel Hidalgo
Polanco V Sección,Miguel Hidalgo
Popo,Miguel Hidalgo
Ampliación Popo,Miguel Hidalgo
Popotla,Miguel Hidalgo
Real De Las Lomas,Miguel Hidalgo
Reforma Pensil,Miguel Hidalgo
Reforma Social,Miguel Hidalgo
Residencial Militar,Miguel Hidalgo
San Diego Ocoyoacac,Miguel Hidalgo
San Joaquín,Miguel Hidalgo
San Juanico,Miguel Hidalgo
San Lorenzo Tlaltenango,Miguel Hidalgo
San Miguel Chapultepec I Sección,Miguel Hidalgo
San Miguel Chapultepec Ii Sección,Miguel Hidalgo
Santo Tomás,Miguel Hidalgo
Tacuba,Miguel Hidalgo
Tacubaya,Miguel Hidalgo
Tlaxpana,Miguel Hidalgo
Torre Blanca,Miguel Hidalgo
Ampliación Torre Blanca,Miguel Hidalgo
Un Hogar Para Nosotros,Miguel Hidalgo
Ventura Pérez De Alba,Miguel Hidalgo
Verónica Anzures,Miguel Hidalgo
Bosque De Chapultepec,Miguel Hidalgo
Manuel Ávila Camacho,Miguel Hidalgo
10 De Mayo,Venustiano Carranza
Primero De Mayo,Venustiano Carranza
20 De Noviembre,Venustiano Carranza
Ampliación 20 De Noviembre,Venustiano Carranza
24 De Abril,Venustiano Carranza
4 Arboles,Venustiano Carranza
Quinto Tramo 20 De Noviembre,Venustiano Carranza
7 De Julio,Venustiano Carranza
Aarón Sáenz,Venustiano Carranza
Adolfo López Mateos,Venustiano Carranza
Aeronáutica Militar,Venustiano Carranza
Arenal Puerto Aéreo,Venustiano Carranza
Álvaro Obregón,Venustiano Carranza
Aquiles Serdán,Venustiano Carranza
Arenal Primera Sección,Venustiano Carranza
Arenal Segunda Sección,Venustiano Carranza
Arenal Tercera Sección,Venustiano Carranza
Arenal Cuarta Sección,Venustiano Carranza
Artes Gráficas,Venustiano Carranza
Ampliación Aviación Civil,Venustiano Carranza
Aviación Civil,Venustiano Carranza
Azteca,Venustiano Carranza
Caracol,Venustiano Carranza
Ampliación Caracol,Venustiano Carranza
Cuchilla Pantitlán,Venustiano Carranza
Damián Carmona,Venustiano Carranza
Emilio Carranza,Venustiano Carranza
Escuela De Tiro,Venustiano Carranza
Federal,Venustiano Carranza
Felipe Ángeles,Venustiano Carranza
General Ignacio Zaragoza,Venustiano Carranza
Industrial Puerto Aéreo,Venustiano Carranza
Jamaica,Venustiano Carranza
Janitzio,Venustiano Carranza
Jardín Balbuena,Venustiano Carranza
Lorenzo Boturini,Venustiano Carranza
Magdalena Mixiuhca,Venustiano Carranza
Merced Balbuena,Venustiano Carranza
Michoacana,Venustiano Carranza
Ampliación Michoacana,Venustiano Carranza
Miguel Hidalgo,Venustiano Carranza
Moctezuma Primera Sección,Venustiano Carranza
Moctezuma Segunda Sección,Venustiano Carranza
Morelos,Venustiano Carranza
Nicolás Bravo,Venustiano Carranza
Del Parque,Venustiano Carranza
Penitenciaria,Venustiano Carranza
Ampliación Penitenciaria,Venustiano Carranza
Pensador Mexicano,Venustiano Carranza
Peñón De Los Baños,Venustiano Carranza
Popular Rastro,Venustiano Carranza
Progresista,Venustiano Carranza
Puebla,Venustiano Carranza
De La Magdalena Mixiuhca,Venustiano Carranza
Revolución,Venustiano Carranza
Romero Rubio,Venustiano Carranza
Santa Cruz Aviación,Venustiano Carranza
Sevilla,Venustiano Carranza
Simón Bolívar,Venustiano Carranza
Ampliación Simón Bolívar,Venustiano Carranza
Tres Mosqueteros,Venustiano Carranza
Valentín Gómez Farías,Venustiano Carranza
Valle Gómez,Venustiano Carranza
Venustiano Carranza,Venustiano Carranza
Ampliación Venustiano Carranza,Venustiano Carranza
Zona Centro,Venustiano Carranza
Aeropuerto Internacional De La Ciudad De México,Venustiano Carranza
